﻿<?xml version="1.0" encoding="UTF-8"?>
<USERDATA>
  <Data TimeStamp="0">
    <UserGenere>feminino</UserGenere>
    <UserAge>+50</UserAge>
    <UserExperience>NENHUMA</UserExperience>
    <UserSymptoms>NENHUM</UserSymptoms>
    <UserFlicker>NENHUM</UserFlicker>
    <UserGlassesUse>SIM</UserGlassesUse>
    <UserVisionProblems>NENHUM</UserVisionProblems>
    <UserPosture>SENTADO</UserPosture>
    <UserEyeDominance>ESQUERDO</UserEyeDominance>
    <StaticFrame>False</StaticFrame>
    <HapticFeedback>False</HapticFeedback>
    <DegreeOfControl>total</DegreeOfControl>
    <DofSimulation>False</DofSimulation>
    <Locomotion>False</Locomotion>
    <CameraAutoMovement>True</CameraAutoMovement>
    <RegionOfInterest>foreground</RegionOfInterest>
    <TimeStamp>0</TimeStamp>
    <CameraFieldOfView>111.8739</CameraFieldOfView>
    <PlayerSpeed>10</PlayerSpeed>
    <PlayerAcceleration>10</PlayerAcceleration>
    <CameraRotationX>-0.1007629</CameraRotationX>
    <CameraRotationY>0.05032995</CameraRotationY>
    <CameraRotationZ>0.01292326</CameraRotationZ>
    <PlayerPositionX>0</PlayerPositionX>
    <PlayerPositionY>12</PlayerPositionY>
    <PlayerPositionZ>0</PlayerPositionZ>
    <GameFps>90</GameFps>
    <DiscomfortLevel>0</DiscomfortLevel>
  </Data>
  <Data TimeStamp="0.9998468">
    <UserGenere>feminino</UserGenere>
    <UserAge>+50</UserAge>
    <UserExperience>NENHUMA</UserExperience>
    <UserSymptoms>NENHUM</UserSymptoms>
    <UserFlicker>NENHUM</UserFlicker>
    <UserGlassesUse>SIM</UserGlassesUse>
    <UserVisionProblems>NENHUM</UserVisionProblems>
    <UserPosture>SENTADO</UserPosture>
    <UserEyeDominance>ESQUERDO</UserEyeDominance>
    <StaticFrame>False</StaticFrame>
    <HapticFeedback>False</HapticFeedback>
    <DegreeOfControl>total</DegreeOfControl>
    <DofSimulation>False</DofSimulation>
    <Locomotion>False</Locomotion>
    <CameraAutoMovement>True</CameraAutoMovement>
    <RegionOfInterest>background</RegionOfInterest>
    <TimeStamp>0.9998468</TimeStamp>
    <CameraFieldOfView>111.8739</CameraFieldOfView>
    <PlayerSpeed>10</PlayerSpeed>
    <PlayerAcceleration>0</PlayerAcceleration>
    <CameraRotationX>-0.08936106</CameraRotationX>
    <CameraRotationY>0.04903495</CameraRotationY>
    <CameraRotationZ>0.01088692</CameraRotationZ>
    <PlayerPositionX>0</PlayerPositionX>
    <PlayerPositionY>12</PlayerPositionY>
    <PlayerPositionZ>9.998466</PlayerPositionZ>
    <GameFps>90</GameFps>
    <DiscomfortLevel>0</DiscomfortLevel>
  </Data>
  <Data TimeStamp="1.993259">
    <UserGenere>feminino</UserGenere>
    <UserAge>+50</UserAge>
    <UserExperience>NENHUMA</UserExperience>
    <UserSymptoms>NENHUM</UserSymptoms>
    <UserFlicker>NENHUM</UserFlicker>
    <UserGlassesUse>SIM</UserGlassesUse>
    <UserVisionProblems>NENHUM</UserVisionProblems>
    <UserPosture>SENTADO</UserPosture>
    <UserEyeDominance>ESQUERDO</UserEyeDominance>
    <StaticFrame>False</StaticFrame>
    <HapticFeedback>False</HapticFeedback>
    <DegreeOfControl>total</DegreeOfControl>
    <DofSimulation>False</DofSimulation>
    <Locomotion>False</Locomotion>
    <CameraAutoMovement>True</CameraAutoMovement>
    <RegionOfInterest>background</RegionOfInterest>
    <TimeStamp>1.993259</TimeStamp>
    <CameraFieldOfView>111.8739</CameraFieldOfView>
    <PlayerSpeed>10</PlayerSpeed>
    <PlayerAcceleration>0</PlayerAcceleration>
    <CameraRotationX>-0.09416906</CameraRotationX>
    <CameraRotationY>0.05182597</CameraRotationY>
    <CameraRotationZ>0.00578331</CameraRotationZ>
    <PlayerPositionX>2.586124</PlayerPositionX>
    <PlayerPositionY>12.18805</PlayerPositionY>
    <PlayerPositionZ>19.93258</PlayerPositionZ>
    <GameFps>90</GameFps>
    <DiscomfortLevel>0</DiscomfortLevel>
  </Data>
  <Data TimeStamp="2.9993">
    <UserGenere>feminino</UserGenere>
    <UserAge>+50</UserAge>
    <UserExperience>NENHUMA</UserExperience>
    <UserSymptoms>NENHUM</UserSymptoms>
    <UserFlicker>NENHUM</UserFlicker>
    <UserGlassesUse>SIM</UserGlassesUse>
    <UserVisionProblems>NENHUM</UserVisionProblems>
    <UserPosture>SENTADO</UserPosture>
    <UserEyeDominance>ESQUERDO</UserEyeDominance>
    <StaticFrame>False</StaticFrame>
    <HapticFeedback>False</HapticFeedback>
    <DegreeOfControl>total</DegreeOfControl>
    <DofSimulation>False</DofSimulation>
    <Locomotion>False</Locomotion>
    <CameraAutoMovement>True</CameraAutoMovement>
    <RegionOfInterest>background</RegionOfInterest>
    <TimeStamp>2.9993</TimeStamp>
    <CameraFieldOfView>111.8739</CameraFieldOfView>
    <PlayerSpeed>10</PlayerSpeed>
    <PlayerAcceleration>0</PlayerAcceleration>
    <CameraRotationX>-0.09746255</CameraRotationX>
    <CameraRotationY>0.05379201</CameraRotationY>
    <CameraRotationZ>0.002979805</CameraRotationZ>
    <PlayerPositionX>6.151546</PlayerPositionX>
    <PlayerPositionY>12.26663</PlayerPositionY>
    <PlayerPositionZ>29.993</PlayerPositionZ>
    <GameFps>90</GameFps>
    <DiscomfortLevel>0</DiscomfortLevel>
  </Data>
  <Data TimeStamp="3.993203">
    <UserGenere>feminino</UserGenere>
    <UserAge>+50</UserAge>
    <UserExperience>NENHUMA</UserExperience>
    <UserSymptoms>NENHUM</UserSymptoms>
    <UserFlicker>NENHUM</UserFlicker>
    <UserGlassesUse>SIM</UserGlassesUse>
    <UserVisionProblems>NENHUM</UserVisionProblems>
    <UserPosture>SENTADO</UserPosture>
    <UserEyeDominance>ESQUERDO</UserEyeDominance>
    <StaticFrame>False</StaticFrame>
    <HapticFeedback>False</HapticFeedback>
    <DegreeOfControl>total</DegreeOfControl>
    <DofSimulation>False</DofSimulation>
    <Locomotion>False</Locomotion>
    <CameraAutoMovement>True</CameraAutoMovement>
    <RegionOfInterest>background</RegionOfInterest>
    <TimeStamp>3.993203</TimeStamp>
    <CameraFieldOfView>111.8739</CameraFieldOfView>
    <PlayerSpeed>15</PlayerSpeed>
    <PlayerAcceleration>5</PlayerAcceleration>
    <CameraRotationX>-0.08712468</CameraRotationX>
    <CameraRotationY>0.04828637</CameraRotationY>
    <CameraRotationZ>0.002782972</CameraRotationZ>
    <PlayerPositionX>8.825783</PlayerPositionX>
    <PlayerPositionY>12.05508</PlayerPositionY>
    <PlayerPositionZ>43.84589</PlayerPositionZ>
    <GameFps>84</GameFps>
    <DiscomfortLevel>0</DiscomfortLevel>
  </Data>
  <Data TimeStamp="4.998343">
    <UserGenere>feminino</UserGenere>
    <UserAge>+50</UserAge>
    <UserExperience>NENHUMA</UserExperience>
    <UserSymptoms>NENHUM</UserSymptoms>
    <UserFlicker>NENHUM</UserFlicker>
    <UserGlassesUse>SIM</UserGlassesUse>
    <UserVisionProblems>NENHUM</UserVisionProblems>
    <UserPosture>SENTADO</UserPosture>
    <UserEyeDominance>ESQUERDO</UserEyeDominance>
    <StaticFrame>False</StaticFrame>
    <HapticFeedback>False</HapticFeedback>
    <DegreeOfControl>total</DegreeOfControl>
    <DofSimulation>False</DofSimulation>
    <Locomotion>False</Locomotion>
    <CameraAutoMovement>True</CameraAutoMovement>
    <RegionOfInterest>background</RegionOfInterest>
    <TimeStamp>4.998343</TimeStamp>
    <CameraFieldOfView>111.8739</CameraFieldOfView>
    <PlayerSpeed>15</PlayerSpeed>
    <PlayerAcceleration>0</PlayerAcceleration>
    <CameraRotationX>-0.0836614</CameraRotationX>
    <CameraRotationY>0.0484511</CameraRotationY>
    <CameraRotationZ>0.003468483</CameraRotationZ>
    <PlayerPositionX>10.32478</PlayerPositionX>
    <PlayerPositionY>8.989982</PlayerPositionY>
    <PlayerPositionZ>58.92299</PlayerPositionZ>
    <GameFps>90</GameFps>
    <DiscomfortLevel>0</DiscomfortLevel>
  </Data>
  <Data TimeStamp="6.003499">
    <UserGenere>feminino</UserGenere>
    <UserAge>+50</UserAge>
    <UserExperience>NENHUMA</UserExperience>
    <UserSymptoms>NENHUM</UserSymptoms>
    <UserFlicker>NENHUM</UserFlicker>
    <UserGlassesUse>SIM</UserGlassesUse>
    <UserVisionProblems>NENHUM</UserVisionProblems>
    <UserPosture>SENTADO</UserPosture>
    <UserEyeDominance>ESQUERDO</UserEyeDominance>
    <StaticFrame>False</StaticFrame>
    <HapticFeedback>False</HapticFeedback>
    <DegreeOfControl>total</DegreeOfControl>
    <DofSimulation>False</DofSimulation>
    <Locomotion>False</Locomotion>
    <CameraAutoMovement>True</CameraAutoMovement>
    <RegionOfInterest>background</RegionOfInterest>
    <TimeStamp>6.003499</TimeStamp>
    <CameraFieldOfView>111.8739</CameraFieldOfView>
    <PlayerSpeed>10</PlayerSpeed>
    <PlayerAcceleration>-5</PlayerAcceleration>
    <CameraRotationX>-0.08247818</CameraRotationX>
    <CameraRotationY>0.04462711</CameraRotationY>
    <CameraRotationZ>0.0009476304</CameraRotationZ>
    <PlayerPositionX>10.38572</PlayerPositionX>
    <PlayerPositionY>0.8897604</PlayerPositionY>
    <PlayerPositionZ>69.14215</PlayerPositionZ>
    <GameFps>90</GameFps>
    <DiscomfortLevel>0</DiscomfortLevel>
  </Data>
  <Data TimeStamp="6.997079">
    <UserGenere>feminino</UserGenere>
    <UserAge>+50</UserAge>
    <UserExperience>NENHUMA</UserExperience>
    <UserSymptoms>NENHUM</UserSymptoms>
    <UserFlicker>NENHUM</UserFlicker>
    <UserGlassesUse>SIM</UserGlassesUse>
    <UserVisionProblems>NENHUM</UserVisionProblems>
    <UserPosture>SENTADO</UserPosture>
    <UserEyeDominance>ESQUERDO</UserEyeDominance>
    <StaticFrame>False</StaticFrame>
    <HapticFeedback>False</HapticFeedback>
    <DegreeOfControl>total</DegreeOfControl>
    <DofSimulation>False</DofSimulation>
    <Locomotion>False</Locomotion>
    <CameraAutoMovement>True</CameraAutoMovement>
    <RegionOfInterest>background</RegionOfInterest>
    <TimeStamp>6.997079</TimeStamp>
    <CameraFieldOfView>111.8739</CameraFieldOfView>
    <PlayerSpeed>10</PlayerSpeed>
    <PlayerAcceleration>0</PlayerAcceleration>
    <CameraRotationX>-0.09935827</CameraRotationX>
    <CameraRotationY>0.04029325</CameraRotationY>
    <CameraRotationZ>-0.006431157</CameraRotationZ>
    <PlayerPositionX>9.464609</PlayerPositionX>
    <PlayerPositionY>6.134884</PlayerPositionY>
    <PlayerPositionZ>79.07795</PlayerPositionZ>
    <GameFps>90</GameFps>
    <DiscomfortLevel>0</DiscomfortLevel>
  </Data>
  <Data TimeStamp="8.003189">
    <UserGenere>feminino</UserGenere>
    <UserAge>+50</UserAge>
    <UserExperience>NENHUMA</UserExperience>
    <UserSymptoms>NENHUM</UserSymptoms>
    <UserFlicker>NENHUM</UserFlicker>
    <UserGlassesUse>SIM</UserGlassesUse>
    <UserVisionProblems>NENHUM</UserVisionProblems>
    <UserPosture>SENTADO</UserPosture>
    <UserEyeDominance>ESQUERDO</UserEyeDominance>
    <StaticFrame>False</StaticFrame>
    <HapticFeedback>False</HapticFeedback>
    <DegreeOfControl>total</DegreeOfControl>
    <DofSimulation>False</DofSimulation>
    <Locomotion>False</Locomotion>
    <CameraAutoMovement>True</CameraAutoMovement>
    <RegionOfInterest>background</RegionOfInterest>
    <TimeStamp>8.003189</TimeStamp>
    <CameraFieldOfView>111.8739</CameraFieldOfView>
    <PlayerSpeed>10</PlayerSpeed>
    <PlayerAcceleration>0</PlayerAcceleration>
    <CameraRotationX>-0.1006948</CameraRotationX>
    <CameraRotationY>0.04236731</CameraRotationY>
    <CameraRotationZ>-0.007280601</CameraRotationZ>
    <PlayerPositionX>8.424513</PlayerPositionX>
    <PlayerPositionY>12.15782</PlayerPositionY>
    <PlayerPositionZ>89.1391</PlayerPositionZ>
    <GameFps>90</GameFps>
    <DiscomfortLevel>0</DiscomfortLevel>
  </Data>
  <Data TimeStamp="8.99732">
    <UserGenere>feminino</UserGenere>
    <UserAge>+50</UserAge>
    <UserExperience>NENHUMA</UserExperience>
    <UserSymptoms>NENHUM</UserSymptoms>
    <UserFlicker>NENHUM</UserFlicker>
    <UserGlassesUse>SIM</UserGlassesUse>
    <UserVisionProblems>NENHUM</UserVisionProblems>
    <UserPosture>SENTADO</UserPosture>
    <UserEyeDominance>ESQUERDO</UserEyeDominance>
    <StaticFrame>False</StaticFrame>
    <HapticFeedback>False</HapticFeedback>
    <DegreeOfControl>total</DegreeOfControl>
    <DofSimulation>False</DofSimulation>
    <Locomotion>False</Locomotion>
    <CameraAutoMovement>True</CameraAutoMovement>
    <RegionOfInterest>background</RegionOfInterest>
    <TimeStamp>8.99732</TimeStamp>
    <CameraFieldOfView>111.8739</CameraFieldOfView>
    <PlayerSpeed>10</PlayerSpeed>
    <PlayerAcceleration>0</PlayerAcceleration>
    <CameraRotationX>-0.09370961</CameraRotationX>
    <CameraRotationY>0.0439935</CameraRotationY>
    <CameraRotationZ>-0.008295736</CameraRotationZ>
    <PlayerPositionX>7.968132</PlayerPositionX>
    <PlayerPositionY>11.89919</PlayerPositionY>
    <PlayerPositionZ>99.08044</PlayerPositionZ>
    <GameFps>88</GameFps>
    <DiscomfortLevel>0</DiscomfortLevel>
  </Data>
  <Data TimeStamp="10.00248">
    <UserGenere>feminino</UserGenere>
    <UserAge>+50</UserAge>
    <UserExperience>NENHUMA</UserExperience>
    <UserSymptoms>NENHUM</UserSymptoms>
    <UserFlicker>NENHUM</UserFlicker>
    <UserGlassesUse>SIM</UserGlassesUse>
    <UserVisionProblems>NENHUM</UserVisionProblems>
    <UserPosture>SENTADO</UserPosture>
    <UserEyeDominance>ESQUERDO</UserEyeDominance>
    <StaticFrame>False</StaticFrame>
    <HapticFeedback>False</HapticFeedback>
    <DegreeOfControl>total</DegreeOfControl>
    <DofSimulation>False</DofSimulation>
    <Locomotion>False</Locomotion>
    <CameraAutoMovement>True</CameraAutoMovement>
    <RegionOfInterest>foreground</RegionOfInterest>
    <TimeStamp>10.00248</TimeStamp>
    <CameraFieldOfView>111.8739</CameraFieldOfView>
    <PlayerSpeed>10</PlayerSpeed>
    <PlayerAcceleration>0</PlayerAcceleration>
    <CameraRotationX>-0.09933864</CameraRotationX>
    <CameraRotationY>0.0419497</CameraRotationY>
    <CameraRotationZ>-0.007095599</CameraRotationZ>
    <PlayerPositionX>5.331714</PlayerPositionX>
    <PlayerPositionY>1.705461</PlayerPositionY>
    <PlayerPositionZ>109.132</PlayerPositionZ>
    <GameFps>90</GameFps>
    <DiscomfortLevel>0</DiscomfortLevel>
  </Data>
  <Data TimeStamp="10.99576">
    <UserGenere>feminino</UserGenere>
    <UserAge>+50</UserAge>
    <UserExperience>NENHUMA</UserExperience>
    <UserSymptoms>NENHUM</UserSymptoms>
    <UserFlicker>NENHUM</UserFlicker>
    <UserGlassesUse>SIM</UserGlassesUse>
    <UserVisionProblems>NENHUM</UserVisionProblems>
    <UserPosture>SENTADO</UserPosture>
    <UserEyeDominance>ESQUERDO</UserEyeDominance>
    <StaticFrame>False</StaticFrame>
    <HapticFeedback>False</HapticFeedback>
    <DegreeOfControl>total</DegreeOfControl>
    <DofSimulation>False</DofSimulation>
    <Locomotion>False</Locomotion>
    <CameraAutoMovement>True</CameraAutoMovement>
    <RegionOfInterest>background</RegionOfInterest>
    <TimeStamp>10.99576</TimeStamp>
    <CameraFieldOfView>111.8739</CameraFieldOfView>
    <PlayerSpeed>15</PlayerSpeed>
    <PlayerAcceleration>5</PlayerAcceleration>
    <CameraRotationX>-0.1030541</CameraRotationX>
    <CameraRotationY>0.04806121</CameraRotationY>
    <CameraRotationZ>-0.02198195</CameraRotationZ>
    <PlayerPositionX>-3.057504</PlayerPositionX>
    <PlayerPositionY>8.065299</PlayerPositionY>
    <PlayerPositionZ>122.5809</PlayerPositionZ>
    <GameFps>88</GameFps>
    <DiscomfortLevel>0</DiscomfortLevel>
  </Data>
  <Data TimeStamp="12.00143">
    <UserGenere>feminino</UserGenere>
    <UserAge>+50</UserAge>
    <UserExperience>NENHUMA</UserExperience>
    <UserSymptoms>NENHUM</UserSymptoms>
    <UserFlicker>NENHUM</UserFlicker>
    <UserGlassesUse>SIM</UserGlassesUse>
    <UserVisionProblems>NENHUM</UserVisionProblems>
    <UserPosture>SENTADO</UserPosture>
    <UserEyeDominance>ESQUERDO</UserEyeDominance>
    <StaticFrame>False</StaticFrame>
    <HapticFeedback>False</HapticFeedback>
    <DegreeOfControl>total</DegreeOfControl>
    <DofSimulation>False</DofSimulation>
    <Locomotion>False</Locomotion>
    <CameraAutoMovement>True</CameraAutoMovement>
    <RegionOfInterest>background</RegionOfInterest>
    <TimeStamp>12.00143</TimeStamp>
    <CameraFieldOfView>111.8739</CameraFieldOfView>
    <PlayerSpeed>15</PlayerSpeed>
    <PlayerAcceleration>0</PlayerAcceleration>
    <CameraRotationX>-0.09187309</CameraRotationX>
    <CameraRotationY>0.03768451</CameraRotationY>
    <CameraRotationZ>-0.02063625</CameraRotationZ>
    <PlayerPositionX>-4.272617</PlayerPositionX>
    <PlayerPositionY>9.214763</PlayerPositionY>
    <PlayerPositionZ>137.6661</PlayerPositionZ>
    <GameFps>90</GameFps>
    <DiscomfortLevel>0</DiscomfortLevel>
  </Data>
  <Data TimeStamp="12.99564">
    <UserGenere>feminino</UserGenere>
    <UserAge>+50</UserAge>
    <UserExperience>NENHUMA</UserExperience>
    <UserSymptoms>NENHUM</UserSymptoms>
    <UserFlicker>NENHUM</UserFlicker>
    <UserGlassesUse>SIM</UserGlassesUse>
    <UserVisionProblems>NENHUM</UserVisionProblems>
    <UserPosture>SENTADO</UserPosture>
    <UserEyeDominance>ESQUERDO</UserEyeDominance>
    <StaticFrame>False</StaticFrame>
    <HapticFeedback>False</HapticFeedback>
    <DegreeOfControl>total</DegreeOfControl>
    <DofSimulation>False</DofSimulation>
    <Locomotion>False</Locomotion>
    <CameraAutoMovement>True</CameraAutoMovement>
    <RegionOfInterest>background</RegionOfInterest>
    <TimeStamp>12.99564</TimeStamp>
    <CameraFieldOfView>111.8739</CameraFieldOfView>
    <PlayerSpeed>15</PlayerSpeed>
    <PlayerAcceleration>0</PlayerAcceleration>
    <CameraRotationX>-0.09651707</CameraRotationX>
    <CameraRotationY>0.03903766</CameraRotationY>
    <CameraRotationZ>-0.03339987</CameraRotationZ>
    <PlayerPositionX>-5.394763</PlayerPositionX>
    <PlayerPositionY>0.9523388</PlayerPositionY>
    <PlayerPositionZ>152.5792</PlayerPositionZ>
    <GameFps>88</GameFps>
    <DiscomfortLevel>0</DiscomfortLevel>
  </Data>
  <Data TimeStamp="14.00123">
    <UserGenere>feminino</UserGenere>
    <UserAge>+50</UserAge>
    <UserExperience>NENHUMA</UserExperience>
    <UserSymptoms>NENHUM</UserSymptoms>
    <UserFlicker>NENHUM</UserFlicker>
    <UserGlassesUse>SIM</UserGlassesUse>
    <UserVisionProblems>NENHUM</UserVisionProblems>
    <UserPosture>SENTADO</UserPosture>
    <UserEyeDominance>ESQUERDO</UserEyeDominance>
    <StaticFrame>False</StaticFrame>
    <HapticFeedback>False</HapticFeedback>
    <DegreeOfControl>total</DegreeOfControl>
    <DofSimulation>False</DofSimulation>
    <Locomotion>False</Locomotion>
    <CameraAutoMovement>True</CameraAutoMovement>
    <RegionOfInterest>background</RegionOfInterest>
    <TimeStamp>14.00123</TimeStamp>
    <CameraFieldOfView>111.8739</CameraFieldOfView>
    <PlayerSpeed>15</PlayerSpeed>
    <PlayerAcceleration>0</PlayerAcceleration>
    <CameraRotationX>-0.1022694</CameraRotationX>
    <CameraRotationY>0.02179979</CameraRotationY>
    <CameraRotationZ>-0.03645107</CameraRotationZ>
    <PlayerPositionX>-10.65071</PlayerPositionX>
    <PlayerPositionY>3.93718</PlayerPositionY>
    <PlayerPositionZ>167.663</PlayerPositionZ>
    <GameFps>90</GameFps>
    <DiscomfortLevel>1</DiscomfortLevel>
  </Data>
  <Data TimeStamp="14.99508">
    <UserGenere>feminino</UserGenere>
    <UserAge>+50</UserAge>
    <UserExperience>NENHUMA</UserExperience>
    <UserSymptoms>NENHUM</UserSymptoms>
    <UserFlicker>NENHUM</UserFlicker>
    <UserGlassesUse>SIM</UserGlassesUse>
    <UserVisionProblems>NENHUM</UserVisionProblems>
    <UserPosture>SENTADO</UserPosture>
    <UserEyeDominance>ESQUERDO</UserEyeDominance>
    <StaticFrame>False</StaticFrame>
    <HapticFeedback>False</HapticFeedback>
    <DegreeOfControl>total</DegreeOfControl>
    <DofSimulation>False</DofSimulation>
    <Locomotion>False</Locomotion>
    <CameraAutoMovement>True</CameraAutoMovement>
    <RegionOfInterest>background</RegionOfInterest>
    <TimeStamp>14.99508</TimeStamp>
    <CameraFieldOfView>111.8739</CameraFieldOfView>
    <PlayerSpeed>15</PlayerSpeed>
    <PlayerAcceleration>0</PlayerAcceleration>
    <CameraRotationX>-0.09486631</CameraRotationX>
    <CameraRotationY>0.0421996</CameraRotationY>
    <CameraRotationZ>-0.0446926</CameraRotationZ>
    <PlayerPositionX>-15.91343</PlayerPositionX>
    <PlayerPositionY>8.838178</PlayerPositionY>
    <PlayerPositionZ>182.5707</PlayerPositionZ>
    <GameFps>90</GameFps>
    <DiscomfortLevel>1</DiscomfortLevel>
  </Data>
  <Data TimeStamp="16.0008">
    <UserGenere>feminino</UserGenere>
    <UserAge>+50</UserAge>
    <UserExperience>NENHUMA</UserExperience>
    <UserSymptoms>NENHUM</UserSymptoms>
    <UserFlicker>NENHUM</UserFlicker>
    <UserGlassesUse>SIM</UserGlassesUse>
    <UserVisionProblems>NENHUM</UserVisionProblems>
    <UserPosture>SENTADO</UserPosture>
    <UserEyeDominance>ESQUERDO</UserEyeDominance>
    <StaticFrame>False</StaticFrame>
    <HapticFeedback>False</HapticFeedback>
    <DegreeOfControl>total</DegreeOfControl>
    <DofSimulation>False</DofSimulation>
    <Locomotion>False</Locomotion>
    <CameraAutoMovement>True</CameraAutoMovement>
    <RegionOfInterest>background</RegionOfInterest>
    <TimeStamp>16.0008</TimeStamp>
    <CameraFieldOfView>111.8739</CameraFieldOfView>
    <PlayerSpeed>15</PlayerSpeed>
    <PlayerAcceleration>0</PlayerAcceleration>
    <CameraRotationX>-0.1237405</CameraRotationX>
    <CameraRotationY>0.04579347</CameraRotationY>
    <CameraRotationZ>-0.03641449</CameraRotationZ>
    <PlayerPositionX>-18.21304</PlayerPositionX>
    <PlayerPositionY>0.907956</PlayerPositionY>
    <PlayerPositionZ>197.6565</PlayerPositionZ>
    <GameFps>90</GameFps>
    <DiscomfortLevel>1</DiscomfortLevel>
  </Data>
  <Data TimeStamp="16.99384">
    <UserGenere>feminino</UserGenere>
    <UserAge>+50</UserAge>
    <UserExperience>NENHUMA</UserExperience>
    <UserSymptoms>NENHUM</UserSymptoms>
    <UserFlicker>NENHUM</UserFlicker>
    <UserGlassesUse>SIM</UserGlassesUse>
    <UserVisionProblems>NENHUM</UserVisionProblems>
    <UserPosture>SENTADO</UserPosture>
    <UserEyeDominance>ESQUERDO</UserEyeDominance>
    <StaticFrame>False</StaticFrame>
    <HapticFeedback>False</HapticFeedback>
    <DegreeOfControl>total</DegreeOfControl>
    <DofSimulation>False</DofSimulation>
    <Locomotion>False</Locomotion>
    <CameraAutoMovement>True</CameraAutoMovement>
    <RegionOfInterest>background</RegionOfInterest>
    <TimeStamp>16.99384</TimeStamp>
    <CameraFieldOfView>111.8739</CameraFieldOfView>
    <PlayerSpeed>15</PlayerSpeed>
    <PlayerAcceleration>0</PlayerAcceleration>
    <CameraRotationX>-0.1068589</CameraRotationX>
    <CameraRotationY>0.0217023</CameraRotationY>
    <CameraRotationZ>-0.0102836</CameraRotationZ>
    <PlayerPositionX>-18.5539</PlayerPositionX>
    <PlayerPositionY>0.9959499</PlayerPositionY>
    <PlayerPositionZ>212.552</PlayerPositionZ>
    <GameFps>90</GameFps>
    <DiscomfortLevel>1</DiscomfortLevel>
  </Data>
  <Data TimeStamp="17.99991">
    <UserGenere>feminino</UserGenere>
    <UserAge>+50</UserAge>
    <UserExperience>NENHUMA</UserExperience>
    <UserSymptoms>NENHUM</UserSymptoms>
    <UserFlicker>NENHUM</UserFlicker>
    <UserGlassesUse>SIM</UserGlassesUse>
    <UserVisionProblems>NENHUM</UserVisionProblems>
    <UserPosture>SENTADO</UserPosture>
    <UserEyeDominance>ESQUERDO</UserEyeDominance>
    <StaticFrame>False</StaticFrame>
    <HapticFeedback>False</HapticFeedback>
    <DegreeOfControl>total</DegreeOfControl>
    <DofSimulation>False</DofSimulation>
    <Locomotion>False</Locomotion>
    <CameraAutoMovement>True</CameraAutoMovement>
    <RegionOfInterest>background</RegionOfInterest>
    <TimeStamp>17.99991</TimeStamp>
    <CameraFieldOfView>111.8739</CameraFieldOfView>
    <PlayerSpeed>15</PlayerSpeed>
    <PlayerAcceleration>0</PlayerAcceleration>
    <CameraRotationX>-0.08021162</CameraRotationX>
    <CameraRotationY>0.05604586</CameraRotationY>
    <CameraRotationZ>-0.05521515</CameraRotationZ>
    <PlayerPositionX>-18.82763</PlayerPositionX>
    <PlayerPositionY>1.603462</PlayerPositionY>
    <PlayerPositionZ>227.643</PlayerPositionZ>
    <GameFps>90</GameFps>
    <DiscomfortLevel>1</DiscomfortLevel>
  </Data>
  <Data TimeStamp="18.99401">
    <UserGenere>feminino</UserGenere>
    <UserAge>+50</UserAge>
    <UserExperience>NENHUMA</UserExperience>
    <UserSymptoms>NENHUM</UserSymptoms>
    <UserFlicker>NENHUM</UserFlicker>
    <UserGlassesUse>SIM</UserGlassesUse>
    <UserVisionProblems>NENHUM</UserVisionProblems>
    <UserPosture>SENTADO</UserPosture>
    <UserEyeDominance>ESQUERDO</UserEyeDominance>
    <StaticFrame>False</StaticFrame>
    <HapticFeedback>False</HapticFeedback>
    <DegreeOfControl>total</DegreeOfControl>
    <DofSimulation>False</DofSimulation>
    <Locomotion>False</Locomotion>
    <CameraAutoMovement>True</CameraAutoMovement>
    <RegionOfInterest>background</RegionOfInterest>
    <TimeStamp>18.99401</TimeStamp>
    <CameraFieldOfView>111.8739</CameraFieldOfView>
    <PlayerSpeed>15</PlayerSpeed>
    <PlayerAcceleration>0</PlayerAcceleration>
    <CameraRotationX>-0.065788</CameraRotationX>
    <CameraRotationY>0.1646108</CameraRotationY>
    <CameraRotationZ>-0.0953052</CameraRotationZ>
    <PlayerPositionX>-19.68681</PlayerPositionX>
    <PlayerPositionY>4.127795</PlayerPositionY>
    <PlayerPositionZ>242.5544</PlayerPositionZ>
    <GameFps>90</GameFps>
    <DiscomfortLevel>1</DiscomfortLevel>
  </Data>
  <Data TimeStamp="19.99905">
    <UserGenere>feminino</UserGenere>
    <UserAge>+50</UserAge>
    <UserExperience>NENHUMA</UserExperience>
    <UserSymptoms>NENHUM</UserSymptoms>
    <UserFlicker>NENHUM</UserFlicker>
    <UserGlassesUse>SIM</UserGlassesUse>
    <UserVisionProblems>NENHUM</UserVisionProblems>
    <UserPosture>SENTADO</UserPosture>
    <UserEyeDominance>ESQUERDO</UserEyeDominance>
    <StaticFrame>False</StaticFrame>
    <HapticFeedback>False</HapticFeedback>
    <DegreeOfControl>total</DegreeOfControl>
    <DofSimulation>False</DofSimulation>
    <Locomotion>False</Locomotion>
    <CameraAutoMovement>True</CameraAutoMovement>
    <RegionOfInterest>background</RegionOfInterest>
    <TimeStamp>19.99905</TimeStamp>
    <CameraFieldOfView>111.8739</CameraFieldOfView>
    <PlayerSpeed>15</PlayerSpeed>
    <PlayerAcceleration>0</PlayerAcceleration>
    <CameraRotationX>-0.07874471</CameraRotationX>
    <CameraRotationY>0.08357284</CameraRotationY>
    <CameraRotationZ>0.02274623</CameraRotationZ>
    <PlayerPositionX>-21.82223</PlayerPositionX>
    <PlayerPositionY>12.19407</PlayerPositionY>
    <PlayerPositionZ>257.63</PlayerPositionZ>
    <GameFps>90</GameFps>
    <DiscomfortLevel>1</DiscomfortLevel>
  </Data>
  <Data TimeStamp="20.99339">
    <UserGenere>feminino</UserGenere>
    <UserAge>+50</UserAge>
    <UserExperience>NENHUMA</UserExperience>
    <UserSymptoms>NENHUM</UserSymptoms>
    <UserFlicker>NENHUM</UserFlicker>
    <UserGlassesUse>SIM</UserGlassesUse>
    <UserVisionProblems>NENHUM</UserVisionProblems>
    <UserPosture>SENTADO</UserPosture>
    <UserEyeDominance>ESQUERDO</UserEyeDominance>
    <StaticFrame>False</StaticFrame>
    <HapticFeedback>False</HapticFeedback>
    <DegreeOfControl>total</DegreeOfControl>
    <DofSimulation>False</DofSimulation>
    <Locomotion>False</Locomotion>
    <CameraAutoMovement>True</CameraAutoMovement>
    <RegionOfInterest>background</RegionOfInterest>
    <TimeStamp>20.99339</TimeStamp>
    <CameraFieldOfView>111.8739</CameraFieldOfView>
    <PlayerSpeed>15</PlayerSpeed>
    <PlayerAcceleration>0</PlayerAcceleration>
    <CameraRotationX>-0.08399048</CameraRotationX>
    <CameraRotationY>0.09747428</CameraRotationY>
    <CameraRotationZ>-0.003012034</CameraRotationZ>
    <PlayerPositionX>-22.6001</PlayerPositionX>
    <PlayerPositionY>12.13726</PlayerPositionY>
    <PlayerPositionZ>272.5453</PlayerPositionZ>
    <GameFps>90</GameFps>
    <DiscomfortLevel>1</DiscomfortLevel>
  </Data>
</USERDATA>