﻿<?xml version="1.0" encoding="UTF-8"?>
<USERDATA>
  <Session A="">
    <GeneralDiscomfort>0</GeneralDiscomfort>
    <Fatigue>0</Fatigue>
    <EyeStraing>1</EyeStraing>
    <DifficultyFocusing>1</DifficultyFocusing>
    <Headache>1</Headache>
    <FulnessOfHead>1</FulnessOfHead>
    <BlurredVision>1</BlurredVision>
    <DizzyEyesClosed>0</DizzyEyesClosed>
    <Vertigo>0</Vertigo>
  </Session>
  <Session B="">
    <GeneralDiscomfort>2</GeneralDiscomfort>
    <Fatigue>0</Fatigue>
    <EyeStraing>2</EyeStraing>
    <DifficultyFocusing>2</DifficultyFocusing>
    <Headache>2</Headache>
    <FulnessOfHead>2</FulnessOfHead>
    <BlurredVision>2</BlurredVision>
    <DizzyEyesClosed>3</DizzyEyesClosed>
    <Vertigo>3</Vertigo>
  </Session>
</USERDATA>