﻿<?xml version="1.0" encoding="UTF-8"?>
<USERDATA>
  <Session A="">
    <GeneralDiscomfort>1</GeneralDiscomfort>
    <Fatigue>1</Fatigue>
    <EyeStraing>0</EyeStraing>
    <DifficultyFocusing>1</DifficultyFocusing>
    <Headache>0</Headache>
    <FulnessOfHead>1</FulnessOfHead>
    <BlurredVision>0</BlurredVision>
    <DizzyEyesClosed>0</DizzyEyesClosed>
    <Vertigo>1</Vertigo>
  </Session>
  <Session B="">
    <GeneralDiscomfort>1</GeneralDiscomfort>
    <Fatigue>0</Fatigue>
    <EyeStraing>0</EyeStraing>
    <DifficultyFocusing>1</DifficultyFocusing>
    <Headache>0</Headache>
    <FulnessOfHead>1</FulnessOfHead>
    <BlurredVision>0</BlurredVision>
    <DizzyEyesClosed>0</DizzyEyesClosed>
    <Vertigo>1</Vertigo>
  </Session>
</USERDATA>